{
  "precision": 0.8264692745830093,
  "recall": 0.4795268913012066,
  "f1": 0.6069148629214112,
  "map50": 0.6635228543663809,
  "map50_95": 0.544295904971279,
  "accuracy_met": false
}