{
  "precision": 0.6978766070286667,
  "recall": 0.5888229256516104,
  "f1": 0.638728366736023,
  "map50": 0.6738738734059986,
  "map50_95": 0.531741047210284,
  "accuracy_met": false
}